-- PhotoDay: Railway → Supabase

INSERT INTO users(id,username,email,password_hash,display_name,bio,avatar_path,created_at) VALUES(1,'kosmita','kosma@test.pl','$2b$12$mHYqwMgJ.QhPx3Y2.fQjruXQ6UWBC18uujxAnFqMSg8SFEGhdctuO','Kosma',NULL,'/uploads/avatars/avatar-1-1771492494348',1771452962000) ON CONFLICT(id) DO UPDATE SET username=EXCLUDED.username,email=EXCLUDED.email,password_hash=EXCLUDED.password_hash,display_name=EXCLUDED.display_name,bio=EXCLUDED.bio;
INSERT INTO users(id,username,email,password_hash,display_name,bio,avatar_path,created_at) VALUES(2,'test12','test12@test.pl','$2b$12$a7sFAOHovSSrNf3XbmI1HOjLuJVkawAirJ6Aj7JhADWgPPT0vT.7u','test12',NULL,'/uploads/avatars/avatar-2-1771598454398',1771461044000) ON CONFLICT(id) DO UPDATE SET username=EXCLUDED.username,email=EXCLUDED.email,password_hash=EXCLUDED.password_hash,display_name=EXCLUDED.display_name,bio=EXCLUDED.bio;
INSERT INTO users(id,username,email,password_hash,display_name,bio,avatar_path,created_at) VALUES(3,'kleiia','purple07@gmail.com','$2b$12$V44ESNTRTGZCGogF0rOETO3yfJWX2vU3yeDfus7tXsVObRtpLU2iy','Oliwia',NULL,NULL,1771507787000) ON CONFLICT(id) DO UPDATE SET username=EXCLUDED.username,email=EXCLUDED.email,password_hash=EXCLUDED.password_hash,display_name=EXCLUDED.display_name,bio=EXCLUDED.bio;
INSERT INTO entries(id,user_id,date,photo_path,description,mood,privacy,created_at,updated_at,deleted_at) VALUES(2,1,'2026-02-19','/uploads/1-1771461125204.jpg','Slodziak','😍','friends',1771461125456,1771461125456,NULL) ON CONFLICT(id) DO UPDATE SET photo_path=EXCLUDED.photo_path,description=EXCLUDED.description,mood=EXCLUDED.mood;
INSERT INTO entries(id,user_id,date,photo_path,description,mood,privacy,created_at,updated_at,deleted_at) VALUES(3,1,'2026-02-18','/uploads/1-1771461616355.jpg',NULL,'🤩','friends',1771461616668,1771461616668,NULL) ON CONFLICT(id) DO UPDATE SET photo_path=EXCLUDED.photo_path,description=EXCLUDED.description,mood=EXCLUDED.mood;
INSERT INTO entries(id,user_id,date,photo_path,description,mood,privacy,created_at,updated_at,deleted_at) VALUES(4,2,'2026-02-19','/uploads/2-1771462139636.jpg',NULL,NULL,'friends',1771462139667,1771462176613,1771530130990) ON CONFLICT(id) DO UPDATE SET photo_path=EXCLUDED.photo_path,description=EXCLUDED.description,mood=EXCLUDED.mood;
INSERT INTO entries(id,user_id,date,photo_path,description,mood,privacy,created_at,updated_at,deleted_at) VALUES(6,1,'2026-02-17','/uploads/1-1771463169218.jpg',NULL,'😍','friends',1771463169503,1771463199452,NULL) ON CONFLICT(id) DO UPDATE SET photo_path=EXCLUDED.photo_path,description=EXCLUDED.description,mood=EXCLUDED.mood;
INSERT INTO entries(id,user_id,date,photo_path,description,mood,privacy,created_at,updated_at,deleted_at) VALUES(9,3,'2026-02-19','/uploads/3-1771507873634.jpg','lekka, ryżowa, taka liściasta bym rzekł ','😌','public',1771507874211,1771507874211,NULL) ON CONFLICT(id) DO UPDATE SET photo_path=EXCLUDED.photo_path,description=EXCLUDED.description,mood=EXCLUDED.mood;
INSERT INTO entries(id,user_id,date,photo_path,description,mood,privacy,created_at,updated_at,deleted_at) VALUES(10,3,'2026-02-18','/uploads/3-1771507969087.jpg','Got a freak or two in my vehicle ',NULL,'friends',1771507969765,1771507969765,NULL) ON CONFLICT(id) DO UPDATE SET photo_path=EXCLUDED.photo_path,description=EXCLUDED.description,mood=EXCLUDED.mood;
INSERT INTO entries(id,user_id,date,photo_path,description,mood,privacy,created_at,updated_at,deleted_at) VALUES(11,3,'2026-02-17','/uploads/3-1771508008049.jpg','dres pobity','😢','friends',1771508008165,1771508008165,NULL) ON CONFLICT(id) DO UPDATE SET photo_path=EXCLUDED.photo_path,description=EXCLUDED.description,mood=EXCLUDED.mood;
INSERT INTO entries(id,user_id,date,photo_path,description,mood,privacy,created_at,updated_at,deleted_at) VALUES(12,1,'2026-02-16','/uploads/1-1771508012367.jpg','Oliwia Plakat Sławy','😍','friends',1771508012613,1771508012613,NULL) ON CONFLICT(id) DO UPDATE SET photo_path=EXCLUDED.photo_path,description=EXCLUDED.description,mood=EXCLUDED.mood;
INSERT INTO entries(id,user_id,date,photo_path,description,mood,privacy,created_at,updated_at,deleted_at) VALUES(13,2,'2026-02-20','/uploads/2-1771543712052.jpg',NULL,NULL,'public',1771543712093,1771594024971,NULL) ON CONFLICT(id) DO UPDATE SET photo_path=EXCLUDED.photo_path,description=EXCLUDED.description,mood=EXCLUDED.mood;
INSERT INTO entries(id,user_id,date,photo_path,description,mood,privacy,created_at,updated_at,deleted_at) VALUES(15,1,'2026-02-20','/uploads/1-1771634232193.jpg','Oliś jako Kosma','😍','friends',1771634232757,1771634232757,NULL) ON CONFLICT(id) DO UPDATE SET photo_path=EXCLUDED.photo_path,description=EXCLUDED.description,mood=EXCLUDED.mood;
INSERT INTO entries(id,user_id,date,photo_path,description,mood,privacy,created_at,updated_at,deleted_at) VALUES(16,3,'2026-02-21','/uploads/3-1771696256842.jpg','Kosma w bibliotece, a to nawet nie sesja (absurd)',NULL,'friends',1771696256924,1771696256924,NULL) ON CONFLICT(id) DO UPDATE SET photo_path=EXCLUDED.photo_path,description=EXCLUDED.description,mood=EXCLUDED.mood;
INSERT INTO entries(id,user_id,date,photo_path,description,mood,privacy,created_at,updated_at,deleted_at) VALUES(17,3,'2026-02-20','/uploads/3-1771696358669.jpg',NULL,NULL,'friends',1771696358775,1771696358775,NULL) ON CONFLICT(id) DO UPDATE SET photo_path=EXCLUDED.photo_path,description=EXCLUDED.description,mood=EXCLUDED.mood;
INSERT INTO entries(id,user_id,date,photo_path,description,mood,privacy,created_at,updated_at,deleted_at) VALUES(18,1,'2026-02-21','/uploads/1-1771757901526.jpg',NULL,'😍','friends',1771757901882,1771757901882,NULL) ON CONFLICT(id) DO UPDATE SET photo_path=EXCLUDED.photo_path,description=EXCLUDED.description,mood=EXCLUDED.mood;
INSERT INTO entries(id,user_id,date,photo_path,description,mood,privacy,created_at,updated_at,deleted_at) VALUES(19,1,'2026-02-22','/uploads/1-1771799615515.jpg','Prywatny tramwaj
','🤩','friends',1771799615836,1771799639864,NULL) ON CONFLICT(id) DO UPDATE SET photo_path=EXCLUDED.photo_path,description=EXCLUDED.description,mood=EXCLUDED.mood;
INSERT INTO entries(id,user_id,date,photo_path,description,mood,privacy,created_at,updated_at,deleted_at) VALUES(21,3,'2026-02-23','/uploads/3-1771854782093.jpg','Drzemka w Buwie ',NULL,'friends',1771854765309,1771854782183,NULL) ON CONFLICT(id) DO UPDATE SET photo_path=EXCLUDED.photo_path,description=EXCLUDED.description,mood=EXCLUDED.mood;
INSERT INTO entries(id,user_id,date,photo_path,description,mood,privacy,created_at,updated_at,deleted_at) VALUES(23,1,'2026-02-23','/uploads/1-1771935918271.jpg','Misiaczek❤️','😍','friends',1771935918277,1771935918277,NULL) ON CONFLICT(id) DO UPDATE SET photo_path=EXCLUDED.photo_path,description=EXCLUDED.description,mood=EXCLUDED.mood;
INSERT INTO entries(id,user_id,date,photo_path,description,mood,privacy,created_at,updated_at,deleted_at) VALUES(24,3,'2026-02-24','/uploads/3-1771968044091.jpg','Golden Virginia ',NULL,'friends',1771968044213,1771968044213,NULL) ON CONFLICT(id) DO UPDATE SET photo_path=EXCLUDED.photo_path,description=EXCLUDED.description,mood=EXCLUDED.mood;
INSERT INTO entries(id,user_id,date,photo_path,description,mood,privacy,created_at,updated_at,deleted_at) VALUES(25,3,'2026-02-22','/uploads/3-1771968099842.jpg','Brasilllll',NULL,'private',1771968099858,1771968099858,NULL) ON CONFLICT(id) DO UPDATE SET photo_path=EXCLUDED.photo_path,description=EXCLUDED.description,mood=EXCLUDED.mood;
INSERT INTO entries(id,user_id,date,photo_path,description,mood,privacy,created_at,updated_at,deleted_at) VALUES(26,1,'2026-02-24','/uploads/1-1772026791018.jpg',NULL,'🤩','friends',1772026791333,1772026791333,NULL) ON CONFLICT(id) DO UPDATE SET photo_path=EXCLUDED.photo_path,description=EXCLUDED.description,mood=EXCLUDED.mood;
INSERT INTO entries(id,user_id,date,photo_path,description,mood,privacy,created_at,updated_at,deleted_at) VALUES(27,1,'2026-02-25','/uploads/1-1772054069877.jpg',NULL,'🤔','friends',1772054065370,1772054072676,NULL) ON CONFLICT(id) DO UPDATE SET photo_path=EXCLUDED.photo_path,description=EXCLUDED.description,mood=EXCLUDED.mood;
INSERT INTO friendships(id,requester_id,receiver_id,status,created_at) VALUES(1,1,2,'accepted',1771461066000) ON CONFLICT(id) DO NOTHING;
INSERT INTO friendships(id,requester_id,receiver_id,status,created_at) VALUES(3,1,3,'pending',1772032322000) ON CONFLICT(id) DO NOTHING;
INSERT INTO reactions(id,user_id,entry_id,type,created_at) VALUES(7,1,4,'like',1771504144000) ON CONFLICT(id) DO NOTHING;
INSERT INTO reactions(id,user_id,entry_id,type,created_at) VALUES(8,3,2,'like',1771507924000) ON CONFLICT(id) DO NOTHING;
INSERT INTO reactions(id,user_id,entry_id,type,created_at) VALUES(9,3,3,'like',1771507926000) ON CONFLICT(id) DO NOTHING;
INSERT INTO reactions(id,user_id,entry_id,type,created_at) VALUES(10,3,6,'like',1771507928000) ON CONFLICT(id) DO NOTHING;
INSERT INTO reactions(id,user_id,entry_id,type,created_at) VALUES(11,1,11,'like',1771508021000) ON CONFLICT(id) DO NOTHING;
INSERT INTO reactions(id,user_id,entry_id,type,created_at) VALUES(12,1,10,'like',1771508023000) ON CONFLICT(id) DO NOTHING;
INSERT INTO reactions(id,user_id,entry_id,type,created_at) VALUES(13,1,9,'like',1771508024000) ON CONFLICT(id) DO NOTHING;
INSERT INTO reactions(id,user_id,entry_id,type,created_at) VALUES(14,2,3,'like',1771525574000) ON CONFLICT(id) DO NOTHING;
INSERT INTO reactions(id,user_id,entry_id,type,created_at) VALUES(15,2,6,'like',1771525578000) ON CONFLICT(id) DO NOTHING;
INSERT INTO reactions(id,user_id,entry_id,type,created_at) VALUES(16,2,12,'like',1771525580000) ON CONFLICT(id) DO NOTHING;
INSERT INTO reactions(id,user_id,entry_id,type,created_at) VALUES(17,2,2,'like',1771541464000) ON CONFLICT(id) DO NOTHING;
INSERT INTO reactions(id,user_id,entry_id,type,created_at) VALUES(18,1,13,'like',1771594872000) ON CONFLICT(id) DO NOTHING;
INSERT INTO reactions(id,user_id,entry_id,type,created_at) VALUES(19,1,16,'like',1771696713000) ON CONFLICT(id) DO NOTHING;
INSERT INTO reactions(id,user_id,entry_id,type,created_at) VALUES(20,1,17,'like',1771696719000) ON CONFLICT(id) DO NOTHING;
INSERT INTO reactions(id,user_id,entry_id,type,created_at) VALUES(21,1,21,'like',1771862947000) ON CONFLICT(id) DO NOTHING;
INSERT INTO reactions(id,user_id,entry_id,type,created_at) VALUES(22,3,19,'like',1771868696000) ON CONFLICT(id) DO NOTHING;
INSERT INTO reactions(id,user_id,entry_id,type,created_at) VALUES(23,1,24,'like',1772022491000) ON CONFLICT(id) DO NOTHING;
INSERT INTO notifications(id,user_id,actor_id,type,entity_id,is_read,created_at) VALUES(20,3,1,'new_post',12,1,1771508012000) ON CONFLICT(id) DO NOTHING;
INSERT INTO notifications(id,user_id,actor_id,type,entity_id,is_read,created_at) VALUES(21,3,1,'reaction',11,0,1771508021000) ON CONFLICT(id) DO NOTHING;
INSERT INTO notifications(id,user_id,actor_id,type,entity_id,is_read,created_at) VALUES(22,3,1,'reaction',10,0,1771508023000) ON CONFLICT(id) DO NOTHING;
INSERT INTO notifications(id,user_id,actor_id,type,entity_id,is_read,created_at) VALUES(23,3,1,'reaction',9,0,1771508024000) ON CONFLICT(id) DO NOTHING;
INSERT INTO notifications(id,user_id,actor_id,type,entity_id,is_read,created_at) VALUES(29,2,1,'reaction',13,1,1771594872000) ON CONFLICT(id) DO NOTHING;
INSERT INTO notifications(id,user_id,actor_id,type,entity_id,is_read,created_at) VALUES(30,2,1,'new_post',15,1,1771634232000) ON CONFLICT(id) DO NOTHING;
INSERT INTO notifications(id,user_id,actor_id,type,entity_id,is_read,created_at) VALUES(31,3,1,'new_post',15,0,1771634232000) ON CONFLICT(id) DO NOTHING;
INSERT INTO notifications(id,user_id,actor_id,type,entity_id,is_read,created_at) VALUES(34,3,1,'reaction',16,0,1771696713000) ON CONFLICT(id) DO NOTHING;
INSERT INTO notifications(id,user_id,actor_id,type,entity_id,is_read,created_at) VALUES(35,3,1,'reaction',17,0,1771696719000) ON CONFLICT(id) DO NOTHING;
INSERT INTO notifications(id,user_id,actor_id,type,entity_id,is_read,created_at) VALUES(36,2,1,'new_post',18,1,1771757901000) ON CONFLICT(id) DO NOTHING;
INSERT INTO notifications(id,user_id,actor_id,type,entity_id,is_read,created_at) VALUES(37,3,1,'new_post',18,0,1771757901000) ON CONFLICT(id) DO NOTHING;
INSERT INTO notifications(id,user_id,actor_id,type,entity_id,is_read,created_at) VALUES(38,2,1,'new_post',19,1,1771799615000) ON CONFLICT(id) DO NOTHING;
INSERT INTO notifications(id,user_id,actor_id,type,entity_id,is_read,created_at) VALUES(39,3,1,'new_post',19,0,1771799615000) ON CONFLICT(id) DO NOTHING;
INSERT INTO notifications(id,user_id,actor_id,type,entity_id,is_read,created_at) VALUES(40,2,1,'new_post',19,1,1771799639000) ON CONFLICT(id) DO NOTHING;
INSERT INTO notifications(id,user_id,actor_id,type,entity_id,is_read,created_at) VALUES(41,3,1,'new_post',19,0,1771799639000) ON CONFLICT(id) DO NOTHING;
INSERT INTO notifications(id,user_id,actor_id,type,entity_id,is_read,created_at) VALUES(44,3,1,'reaction',21,0,1771862947000) ON CONFLICT(id) DO NOTHING;
INSERT INTO notifications(id,user_id,actor_id,type,entity_id,is_read,created_at) VALUES(46,2,1,'new_post',23,1,1771935918000) ON CONFLICT(id) DO NOTHING;
INSERT INTO notifications(id,user_id,actor_id,type,entity_id,is_read,created_at) VALUES(47,3,1,'new_post',23,0,1771935918000) ON CONFLICT(id) DO NOTHING;
INSERT INTO notifications(id,user_id,actor_id,type,entity_id,is_read,created_at) VALUES(49,3,1,'reaction',24,0,1772022491000) ON CONFLICT(id) DO NOTHING;
INSERT INTO notifications(id,user_id,actor_id,type,entity_id,is_read,created_at) VALUES(50,2,1,'new_post',26,1,1772026791000) ON CONFLICT(id) DO NOTHING;
INSERT INTO notifications(id,user_id,actor_id,type,entity_id,is_read,created_at) VALUES(51,3,1,'new_post',26,0,1772026791000) ON CONFLICT(id) DO NOTHING;
INSERT INTO notifications(id,user_id,actor_id,type,entity_id,is_read,created_at) VALUES(52,1,2,'comment',1,1,1772033306000) ON CONFLICT(id) DO NOTHING;
INSERT INTO notifications(id,user_id,actor_id,type,entity_id,is_read,created_at) VALUES(53,2,1,'new_post',27,0,1772054072000) ON CONFLICT(id) DO NOTHING;
INSERT INTO albums(id,user_id,name,description,cover_path,created_at) VALUES(5,1,'Olis',NULL,'/uploads/1-1771935918271.jpg',1771601876000) ON CONFLICT(id) DO UPDATE SET name=EXCLUDED.name;
INSERT INTO albums(id,user_id,name,description,cover_path,created_at) VALUES(6,2,'test',NULL,NULL,1771603190000) ON CONFLICT(id) DO UPDATE SET name=EXCLUDED.name;
INSERT INTO albums(id,user_id,name,description,cover_path,created_at) VALUES(7,1,'Test',NULL,'/uploads/1-1771757901526.jpg',1772024163000) ON CONFLICT(id) DO UPDATE SET name=EXCLUDED.name;
INSERT INTO album_entries(album_id,entry_id,added_at) VALUES(5,23,1772024138000) ON CONFLICT(album_id,entry_id) DO NOTHING;
INSERT INTO album_entries(album_id,entry_id,added_at) VALUES(5,26,1772026809000) ON CONFLICT(album_id,entry_id) DO NOTHING;
INSERT INTO album_entries(album_id,entry_id,added_at) VALUES(7,18,1772031779000) ON CONFLICT(album_id,entry_id) DO NOTHING;
INSERT INTO posts(id,user_id,entry_id,photo_path,caption,privacy,created_at) VALUES(1,1,NULL,'post-1-1772033286053.png',NULL,'friends',1772033286000) ON CONFLICT(id) DO NOTHING;
INSERT INTO comments(id,post_id,user_id,text,created_at) VALUES(1,1,2,'WOw',1772033306000) ON CONFLICT(id) DO NOTHING;
INSERT INTO conversations(id,user_a,user_b,last_message_at) VALUES(1,1,2,1772053192219) ON CONFLICT(id) DO NOTHING;
INSERT INTO messages(id,conversation_id,sender_id,text,photo_path,is_read,created_at) VALUES(1,1,1,'Hej',NULL,0,1772053192000) ON CONFLICT(id) DO NOTHING;
SELECT setval('users_id_seq',(SELECT COALESCE(MAX(id),1) FROM users));
SELECT setval('entries_id_seq',(SELECT COALESCE(MAX(id),1) FROM entries));
SELECT setval('friendships_id_seq',(SELECT COALESCE(MAX(id),1) FROM friendships));
SELECT setval('reactions_id_seq',(SELECT COALESCE(MAX(id),1) FROM reactions));
SELECT setval('notifications_id_seq',(SELECT COALESCE(MAX(id),1) FROM notifications));
SELECT setval('albums_id_seq',(SELECT COALESCE(MAX(id),1) FROM albums));
SELECT setval('posts_id_seq',(SELECT COALESCE(MAX(id),1) FROM posts));
SELECT setval('comments_id_seq',(SELECT COALESCE(MAX(id),1) FROM comments));
SELECT setval('conversations_id_seq',(SELECT COALESCE(MAX(id),1) FROM conversations));
SELECT setval('messages_id_seq',(SELECT COALESCE(MAX(id),1) FROM messages));
